Cell,Cycle,Capacity_mAh,F1,F2,F3,F4,F5,F6,SOH_pct
Cell1,0,739.110921062178,0,0.0388657402945682,0.00174383562989533,0.0268287033541128,0.0324305550893769,0.0368171291192994,100
Cell1,100,730.192949405687,100,0.0383217124035582,0.00175115303136408,0.0263194122817367,0.0319096832536161,0.0362846779171377,98.7934190386911
Cell1,200,725.746737596205,200,0.0380555011797696,0.00175791408400983,0.0261110737919807,0.0316550473216921,0.0360184670425951,98.1918568532626
Cell1,300,722.843197323931,300,0.0378935181070119,0.00175158784259111,0.025949073722586,0.0314699070295319,0.0358564810594544,97.7990145626763
Cell1,400,718.366895843014,400,0.0376272688154131,0.00175291683990508,0.0257407092722133,0.0312383876880631,0.0355902342125773,97.1933813142211
Cell1,500,714.978700695509,500,0.0374420761363581,0.00175004836637527,0.0255670931655914,0.0310416222782806,0.0354166160104796,96.7349663387482
Cell1,600,711.620405394135,600,0.0372453170130029,0.0017586734611541,0.0254050561925396,0.0308680114103481,0.0352082829922438,96.2805967433769
Cell1,700,709.5321170324,700,0.0371527773095295,0.00176678702700883,0.0253009255975485,0.0307523143710569,0.035115740261972,95.998056152753
Cell1,800,705.848011135451,800,0.0369443993549794,0.00174830795731395,0.0251388582400978,0.0305555182276294,0.0348957907408476,95.4996051365436
Cell1,900,702.544976852922,900,0.0367476326646283,0.0017554349033162,0.0249420939944685,0.0303703269455582,0.0347105985274538,95.0527122293489
Cell1,1000,699.415647752736,1000,0.0365624476689845,0.00176152295898646,0.0248032052768394,0.0302082900889218,0.0345369876595214,94.6293212320019
Cell1,1100,696.283591215166,1100,0.0363660204457119,0.00177777977660298,0.0246298190904781,0.0300349532626569,0.034352116053924,94.2055612186781
Cell1,1200,693.267285432255,1200,0.0362039820756763,0.00176420109346509,0.0244562065927312,0.0298844890203327,0.034178503556177,93.7974620150327
Cell1,1300,690.368794359355,1300,0.036018795450218,0.00177110161166638,0.0242825940949842,0.0297108766390011,0.0339933169307187,93.4053028694562
Cell1,1400,687.619240684899,1400,0.0358569218078628,0.00177064898889512,0.024120666552335,0.0295605481369421,0.0338314339751378,93.0332946097888
Cell1,1600,681.826315458059,1600,0.0355439810082316,0.00175789115019143,0.0238194441189989,0.0292708328925073,0.0335069439606741,92.249525210398
Cell1,1800,675.887127031664,1800,0.0351620365399867,0.00177496997639537,0.023437499650754,0.0289351848186925,0.0331365736201406,91.4459667380296
Cell1,1900,672.743285643124,1900,0.034988425555639,0.0017662406899035,0.0232523145386949,0.0287731478456408,0.0329513885080814,91.0206122615971
Cell1,2000,669.731798317851,2000,0.0348032403271645,0.00177357404027134,0.0230324071599171,0.0285995367448777,0.0327893515350297,90.6131649841377
Cell1,2100,667.418482944204,2100,0.0346295873168856,0.00177995848935097,0.0228934905026108,0.0284490393241867,0.0326157008530572,90.3001787586977
Cell1,2200,663.952620219547,2200,0.0344675921369344,0.00176737736910582,0.0226736108306795,0.028298610704951,0.0324421292170882,89.831255539477
Cell1,2300,661.439608635498,2300,0.0342939395923167,0.00176006031688303,0.0225462687667459,0.0281249656109139,0.0322800531284884,89.4912508781418
Cell1,2400,658.23244974471,2400,0.0341319440631196,0.00176944897975773,0.0223379626404494,0.0279861107701436,0.0321296291658655,89.057329689942
Cell1,2500,656.301966293701,2500,0.03398143989034,0.00176694232504815,0.0222337690647691,0.0278587621869519,0.0319907016819343,88.7961397391515
Cell1,2600,652.781045274255,2600,0.0338078700006008,0.00176976155489683,0.0219907404389232,0.0276967589743435,0.031805555219762,88.3197672598507
Cell1,2700,651.274269703515,2700,0.0336689403047785,0.0017739909235388,0.0219096954679117,0.0275694107403979,0.0316897761076689,88.1159040063388
Cell1,2800,648.850102518836,2800,0.0335300447186455,0.00176558538805693,0.0217708022100851,0.0274305163184181,0.0315508808707818,87.7879197869749
Cell1,2900,645.021839758521,2900,0.0333449069876224,0.00176715501584113,0.02148148114793,0.0272569441003725,0.0313425922067836,87.2699646802078
Cell1,3000,644.168984763614,3000,0.0332522741518915,0.00176792149432003,0.0214814551873133,0.0271758927265182,0.0312731099547818,87.1545753698075
Cell1,3100,642.08915975827,3100,0.0331133785657585,0.00176677759736776,0.021330988034606,0.0270485724322498,0.0311342147178948,86.8731798517498
Cell1,3200,638.772923312897,3200,0.0329513885080814,0.00177703239023685,0.0210995367961004,0.0269097218988463,0.0309837958775461,86.424500722424
Cell1,3300,637.819244160997,3300,0.0328587561380118,0.00175988674163818,0.0210647890344262,0.0267939487239346,0.0308795919409022,86.2954701365237
Cell1,3500,632.203017973368,3500,0.0326273144455627,0.0017629467183724,0.020787036861293,0.0266203701030463,0.0306712959427387,85.5356077088981
Cell1,3600,631.744498202454,3600,0.0325462565524504,0.00175478018354625,0.0207291413098574,0.0265277454163879,0.0305902403779328,85.4735710432437
Cell1,3700,629.520283406433,3700,0.0322916205041111,0.00175464560743421,0.0203819153830409,0.0262499625096098,0.0303240307839587,85.1726399201013
Cell1,3800,625.490816832431,3800,0.0322337959660217,0.00175216433126479,0.0203356479760259,0.0262384256348014,0.0302893514744937,84.6274624021976
Cell1,3900,625.258308828447,3900,0.0321527384221554,0.00176399783231318,0.0203587713185698,0.0261689494363964,0.0302198703866452,84.5960046064381
Cell1,4000,623.55316475706,4000,0.0320601393468678,0.00174643727950752,0.0202430266654119,0.0260532035026699,0.0301041236380115,84.3653025530931
Cell1,4100,620.477448198876,4100,0.0319097217870876,0.00174815044738352,0.0199884256580845,0.0258912033168599,0.029976851423271,83.9491652088142
Cell1,4200,619.518664058624,4200,0.0318287033587694,0.00173819670453668,0.0199884256580845,0.0258217590162531,0.0298842589836568,83.8194439297843
Cell1,4300,617.607831847687,4300,0.0316666279686615,0.00175554188899696,0.0198610868537799,0.0256712649716064,0.0297453340608627,83.5609127463739
Cell1,4400,615.726185617259,4400,0.0315508807543665,0.00175061787012964,0.0197569160955027,0.0255555189214647,0.0296295871958137,83.306330358696
Cell1,4500,612.744442737922,4500,0.0314120366238058,0.00174364808481187,0.0194907404948026,0.0254050922812894,0.0295023143989965,82.9029074360511
Cell1,4600,612.349611637397,4600,0.0313309802440926,0.0017530603799969,0.019525439129211,0.0253356171306223,0.0294096862198785,82.849487700356
Cell1,4800,608.876844842272,4800,0.031134236138314,0.00173483893740922,0.0193286893190816,0.0251388702308759,0.0292129411827773,82.3796303763518
Cell1,5000,604.286940148153,5000,0.0308680551825091,0.00173665047623217,0.0189930553315207,0.0248611108399928,0.0289467589464039,81.7586268756157
Cell1,5100,603.206976317105,5100,0.0307754253735766,0.00172401173040271,0.0189351619919762,0.0247800622601062,0.0288541313493624,81.612510264391
Cell1,5200,599.823900841526,5200,0.0306712959427387,0.00170375918969512,0.0186226848745719,0.0246412033447996,0.0287731477292255,81.1547879687013
Cell1,5300,599.862153488207,5300,0.0305902403779328,0.00174501177389175,0.0187731251353398,0.0246411735424772,0.0287152426317334,81.1599634634195
Cell1,5400,598.158701601549,5400,0.0304976415354759,0.00172894424758852,0.0186805287376046,0.0245138538302854,0.0286110701272264,80.9294903587589
Cell1,5500,594.280148452348,5500,0.0303009256022051,0.00170852779410779,0.0182407405227423,0.0242708331206813,0.0284374996554106,80.4047310785649
Cell1,5600,594.46757261751,5600,0.03026616666466,0.00172537297476083,0.018437477410771,0.0242939518066123,0.0283911690348759,80.4300891350921
Cell1,5700,592.857351306983,5700,0.0301735679386184,0.00171425228472799,0.0183564552571625,0.0241897802334279,0.0282869966467842,80.2122299119848
Cell1,5800,590.425367044817,5800,0.0300578699680045,0.00171546067576855,0.0181828701170161,0.0240740737644956,0.028182870009914,79.8831880600973
Cell1,5900,589.447114313117,5900,0.0299420930678025,0.00173357885796577,0.0181596999755129,0.0239930262323469,0.0280786693328992,79.7508327256241
Cell1,6000,588.117306595212,6000,0.0298726424807683,0.00171893043443561,0.0180786778219044,0.0239120027981699,0.0279976452002302,79.5709128137394
Cell1,6100,585.560369138631,6100,0.0297453700331971,0.00170093053020537,0.0177662034984678,0.0237268515629694,0.027893518214114,79.2249650833357
Cell1,6200,585.746379461507,6200,0.0297337599331513,0.00171374098863453,0.0179513669572771,0.023784693214111,0.0278703363146633,79.2501318502681
Cell1,6300,584.151831021606,6300,0.029629587312229,0.00171917118132114,0.0178587707923725,0.0236805217573419,0.0277661640429869,79.0343931303465
Cell1,6400,581.275761959686,6400,0.0294791662599891,0.0016886736266315,0.0174537034472451,0.0234490737784654,0.027627314440906,78.6452676310524
Cell1,6500,581.65477831012,6500,0.0294907046481967,0.0016990719595924,0.0176851635333151,0.0235300638014451,0.0276157069019973,78.696547667598
Cell1,6600,580.033438967804,6600,0.0293749580159783,0.00171047903131694,0.0176157155074179,0.0234258924610913,0.0275115347467363,78.4771842004765
Cell1,6700,577.633880189836,6700,0.0293171292869374,0.00167409947607666,0.0172106479294598,0.0232523145386949,0.0274652774678543,78.1525294416862
Cell1,6800,577.589392413459,6800,0.0292592234909534,0.00170459283981472,0.0174189602257684,0.0233101567719132,0.0274073740001768,78.1465103483255
Cell1,6900,576.416770813853,6900,0.0291897730203345,0.00169946521054953,0.0173610862111673,0.0232291334541515,0.0273379238788038,77.9878573550886
Cell1,7000,573.097978957747,7000,0.0289930551080033,0.00167282414622605,0.016886573866941,0.0229282403597608,0.0271296292776242,77.5388324845946
Cell1,7100,573.097978957747,7100,0.0289930551080033,0.00167282414622605,0.016886573866941,0.0229282403597608,0.0271296292776242,77.5388324845946
Cell1,7200,574.971465992683,7200,0.0289699070854113,0.00169760652352124,0.0171759257791564,0.023020833148621,0.0271296293940395,77.7923109519732
Cell1,7300,572.03756400823,7300,0.0288657053606585,0.00171620398759842,0.0171064605237916,0.0229282126529142,0.0270370038924739,77.3953607918759
Cell1,7400,570.436583787218,7400,0.0287962550064549,0.00168714113533497,0.0170022904640064,0.0228471894515678,0.0269328317372128,77.1787518668297
Cell1,7500,568.267859513994,7500,0.0286689811618999,0.00168745603878051,0.0167939813109115,0.0226967589696869,0.0268171293428168,76.8853284832181
Cell1,7600,567.792910330743,7600,0.0286110761808231,0.00169511826243252,0.0168518313439563,0.0226620093453676,0.0267708007013425,76.8210689560325
Cell1,7700,566.753230926409,7700,0.0285416258266196,0.00169765495229512,0.0167823834344745,0.0226041342830285,0.0266897765686736,76.6804027346702
Cell1,7800,564.22657246266,7800,0.0283912033773959,0.0016864282079041,0.0164814812596887,0.0224074071738869,0.0265509255696088,76.338551682041
Cell1,7900,564.317697574982,7900,0.0283795950235799,0.00169991224538535,0.0166203500702977,0.0224536763271317,0.0265508935553953,76.3508806992054
Cell1,8000,563.046454543301,8000,0.0282869966467842,0.00171113642863929,0.0165624762885273,0.0223726532422006,0.0264582955278456,76.1788844540608
Cell1,8100,560.013596905284,8100,0.0281134255928919,0.00166773144155741,0.0161458330694586,0.0220949071226642,0.0262615736573935,75.7685458226604
Cell1,8200,560.649582868059,8200,0.0281481137499213,0.00169757194817066,0.0164004429243505,0.0222221950534731,0.0263194122817367,75.854593254061
Cell2,0,734.818965697584,0,0.038634258788079,0.00176042830571532,0.0265740738250315,0.0322222218383104,0.0366087958682328,100
Cell2,100,726.622057906186,100,0.0381481015356258,0.00173615757375956,0.0262036717031151,0.0317476463969797,0.0361110670492053,98.8844996966542
Cell2,200,722.157140020816,200,0.0378818903118372,0.0017442173557356,0.0259721850743517,0.0315045845927671,0.0358564301859587,98.2768782152013
Cell2,300,719.215620003537,300,0.0377199068898335,0.00175708334427327,0.0258449070388451,0.0313425922067836,0.0357060180976987,97.8765728128377
Cell2,400,714.5823074648,400,0.0374420838197693,0.00173980346880853,0.0255786724155769,0.031076350947842,0.0354050493333489,97.2460348497438
Cell2,500,711.12167583315,500,0.0372453171294183,0.00173669192008674,0.0254282044479623,0.0308680114103481,0.0352082829922438,96.7750846166664
Cell2,600,708.061610402785,600,0.0370601321337745,0.0017435090849176,0.0252545934636146,0.0306944005424157,0.0350230979966,96.358646613129
Cell2,700,705.450953421655,700,0.036967592081055,0.00175650464370847,0.0251967589138076,0.0306018514093012,0.0349537032889202,96.0033676800857
Cell2,800,701.910231487074,800,0.0367476402316242,0.00175127328839153,0.0249883953947574,0.030393481370993,0.0347221797564998,95.5215181225938
Cell2,900,699.254990347805,900,0.0365855958079919,0.00175530533306301,0.0248610755661502,0.0302545863669366,0.0345601357985288,95.1601718232712
Cell2,1000,696.663755013668,1000,0.0364351330790669,0.00175416411366314,0.0247106128372252,0.0301041236380115,0.0344212470808998,94.8075359421767
Cell2,1100,693.984793336015,1100,0.0362850012024865,0.00174929585773498,0.0245950964745134,0.0299770822748542,0.0342479484388605,94.4429615636276
Cell2,1200,691.201113018158,1200,0.0361113887047395,0.00175510381814092,0.0244214839767665,0.0298150440212339,0.0340974843129516,94.0641362409558
Cell2,1300,688.282445437568,1300,0.0359493504511192,0.00174428895115852,0.0242594458395615,0.0296414316399023,0.0339238719316199,93.6669407796466
Cell2,1400,685.446868768439,1400,0.0357759023318067,0.00175250752363354,0.0241090923082083,0.0295142512768507,0.033761988626793,93.2810529893884
Cell2,1600,679.511021408298,1600,0.0354513884522021,0.00175695365760475,0.0237615738296881,0.0292013884754851,0.0334374995436519,92.4732557444566
Cell2,1800,674.005445610484,1800,0.0351041662506759,0.00175597460474819,0.023425925639458,0.0289004626683891,0.0330902774585411,91.7240132704838
Cell2,1900,670.649783260993,1900,0.0349189810222015,0.00175641430541873,0.0232407404109836,0.0287268514512107,0.0329166662413627,91.2673480908766
Cell2,2000,667.352580857117,2000,0.034710647771135,0.00176870136056095,0.0230324071599171,0.0285416663391516,0.0327083329902962,90.818638604895
Cell2,2100,665.235587684275,2100,0.034536994760856,0.00176901638042182,0.0228819164913148,0.028402743046172,0.0325462565524504,90.5305413630347
Cell2,2200,661.543340484016,2200,0.0343634254531935,0.00176985410507768,0.0226620367029682,0.0282291662879288,0.0323726848000661,90.0280710441372
Cell2,2300,659.751980200918,2300,0.0342244951752946,0.00175208819564432,0.0225462687667459,0.0281133915996179,0.0322337568504736,89.784288511742
Cell2,2400,656.287391406399,2400,0.0340509255183861,0.0017544444417581,0.0223379627568647,0.0279398144921288,0.0320486107375473,89.3127997565179
Cell2,2500,654.650105194563,2500,0.0339004215784371,0.00175974087323993,0.0222337691811845,0.0278240401530638,0.0319096832536161,89.0899848472318
Cell2,2600,650.389352857378,2600,0.0337152773281559,0.00175841664895415,0.0219560182886198,0.02761574042961,0.0317129625473171,88.5101478348405
Cell2,2700,649.66531330777,2700,0.0336226441431791,0.00174835196230561,0.0219328436069191,0.0275578367291018,0.0316319058183581,88.4116147833806
Cell2,2800,647.132916894741,2800,0.033460600185208,0.00175542349461466,0.0217823762213811,0.0274073681794107,0.0314930104650557,88.0669861699065
Cell2,2900,642.134824986545,2900,0.0332060180371627,0.0017715694848448,0.0214120367309079,0.0271643515443429,0.0312384255230427,87.3868061335282
Cell2,3000,641.705283147169,3000,0.0331365335732698,0.00175980804488063,0.0214583071647212,0.0271180224372074,0.0311689433874562,87.3283506690632
Cell2,3100,638.995220549371,3100,0.0329744899645448,0.00175252521876246,0.0212846918730065,0.0269559799926355,0.0310069001279771,86.9595438303303
Cell2,3200,634.970354534658,3200,0.0327777774073184,0.00175213185139,0.0209953701123595,0.0267476848093793,0.0308217589044943,86.4118081018585
Cell2,3300,634.208622822717,3300,0.0326851452700794,0.00175337062682956,0.0209837707225233,0.026678208145313,0.0307407032232732,86.3081456016373
Cell2,3500,627.704877702508,3500,0.0324074069503695,0.00174578477162868,0.020636573783122,0.0264236107468605,0.0304745365865529,85.4230643198778
Cell2,3600,628.120074489041,3600,0.0323726455681026,0.00174097937997431,0.0206481228815392,0.0263888565823436,0.0304282035212964,85.4795675956388
Cell2,3700,626.135482639469,3700,0.032141157775186,0.00174362713005394,0.0203356191050261,0.0261342219309881,0.0302082902053371,85.209488577239
Cell2,3800,621.158313268473,3800,0.0320023143431172,0.00175540044438094,0.0201967590255663,0.0260532404063269,0.0300925922347233,84.5321558458675
Cell2,3900,621.462893023576,3900,0.0319791275542229,0.00173775479197502,0.0202546048676595,0.0260300607187673,0.0300578336464241,84.5736054775892
Cell2,4000,619.5183548363,4000,0.0318518063286319,0.00173809705302119,0.0201157119590789,0.0258911666460335,0.0299305127700791,84.308977279618
Cell2,4100,615.535009535556,4100,0.0316550922580063,0.0017249999800697,0.0198148145573214,0.0256712960544974,0.0297337960219011,83.7668920196163
Cell2,4200,614.882118484026,4200,0.0315740737132728,0.00173943978734314,0.0198263886850327,0.0256134256487712,0.0296643514884636,83.6780414207602
Cell2,4300,612.897345921906,4300,0.0314235728001222,0.00173534045461565,0.0197106241248548,0.0254745059646666,0.0295138529036194,83.4079378095617
Cell2,4400,610.912804955845,4400,0.0312962514581159,0.00173687713686377,0.0195833053439856,0.0253240378806368,0.0293981060385704,83.1378657157941
Cell2,4500,607.28245491411,4500,0.0311226848280057,0.00172547448892146,0.0193055552663282,0.0251504626357928,0.0292245366144925,82.6438188537499
Cell2,4600,606.966139807071,4600,0.0310532028088346,0.00173743313644081,0.0193518282612786,0.0251041360897943,0.0291666310513392,82.6007721821471
Cell2,4800,603.289326027869,4800,0.0308217363199219,0.00173930893652141,0.0191203561844304,0.0248726666904986,0.0289467377588153,82.1004021657429
Cell2,5000,565.696152293148,5000,0.0286921293009073,0.00170972209889442,0.0173148146132007,0.0229166663484648,0.0268518514931202,76.9844245590636
Cell2,5100,577.918947913283,5100,0.0289120016386732,0.00171494006644934,0.017546274815686,0.0230902495095506,0.0270485780201852,78.6477996474476
Cell2,5200,575.480201297529,5200,0.0288773145293817,0.00170142122078687,0.0170370368286967,0.0229050923371688,0.0270023145712912,78.3159156420534
Cell2,5300,580.878875800554,5300,0.0290277422172949,0.00173438678029925,0.0174884045263752,0.0231249716598541,0.0271643185988069,79.0506101389353
Cell2,5400,581.026022733551,5400,0.0290393102914095,0.00172566412948072,0.0174999749287963,0.0231365408981219,0.0271527388831601,79.0706350620614
Cell2,5500,575.951293773634,5500,0.0287731477292255,0.00170743523631245,0.0168171294499189,0.0227314812364057,0.026898147771135,78.3800256471153
Cell2,5600,578.870163454373,5600,0.0289120017550886,0.0017261691391468,0.0173032196471468,0.0229976570699364,0.0270485781366006,78.7772486118176
Cell2,5700,578.03917774703,5700,0.0288656995398924,0.00171595357824117,0.0172800678992644,0.0229397820075974,0.026990702142939,78.6641614779609
Cell2,5800,575.294154472195,5800,0.028738425578922,0.00171517359558493,0.0170486108399928,0.0228124996647239,0.0268634255044162,78.2905969126766
Cell2,5900,574.672642819777,5900,0.028668946470134,0.0017178381094709,0.0171064605237916,0.0227430277736858,0.0267939487239346,78.2060166716334
Cell2,6000,573.000316771339,6000,0.028564773965627,0.00171776139177382,0.0170138644753024,0.0226620045723394,0.0267013506963849,77.9784332631335
Cell2,6100,567.463746839281,6100,0.0282291664043441,0.00170235184486955,0.0164236109703779,0.0222453702008352,0.0263541664462537,77.2249728612505
Cell2,6200,570.475564101932,6200,0.028414317057468,0.00171553727705032,0.0168402572162449,0.0224999724887311,0.0265393194276839,77.6348448709899
Cell2,6300,568.801028436456,6300,0.0283217187970877,0.00170331238768995,0.0167708094231784,0.0224189495202154,0.0264582955278456,77.406960760257
Cell2,6400,562.725182139977,6400,0.0279282404808328,0.00169003463815898,0.0160532406298444,0.0219212961383164,0.0260648145340383,76.5801113483464
Cell2,6500,565.794173521278,6500,0.0281365397386253,0.00171038683038205,0.0165740537922829,0.0222221950534731,0.0262731161201373,76.9977640661674
Cell2,6600,563.835709545502,6600,0.0280207932228222,0.00170305545907468,0.0164930318715051,0.022129597957246,0.0261573699535802,76.7312407363134
Cell2,6700,561.43347597742,6700,0.0281134255928919,0.00166852783877403,0.016030092490837,0.022013888694346,0.0262499997625127,76.4043257163941
Cell2,6800,564.003009521864,6800,0.0280902434606105,0.0016976761398837,0.0164120169356465,0.0221874729031697,0.0262499678647146,76.7540082456146
Cell2,6900,562.127748599419,6900,0.0279629230499268,0.00170178222469985,0.0163541432702914,0.0220601536566392,0.0261226478032768,76.4988078479678
Cell2,7000,556.21192028103,7000,0.0275810181628913,0.00166851619724184,0.0155671293614432,0.0215046292869374,0.0257175922160968,75.6937349532074
Cell2,7100,556.334678855703,7100,0.0276273145573214,0.00168121757451445,0.0158796295290813,0.0216782405041158,0.0257870367495343,75.7104409148665
Cell2,7200,556.887525681366,7200,0.0276041328907013,0.00169692386407405,0.0159953507827595,0.0217013623332605,0.0257638574112207,75.7856767010221
Cell2,7300,557.116619849426,7300,0.0275925531750545,0.00170167116448283,0.0159953475231305,0.0217013579094782,0.0257522780448198,75.8168536546331
Cell2,7400,501.435045865123,7400,0.0251851849025115,0.00157446530647576,0.0141435184050351,0.019675925723277,0.0234953701728955,68.2392629032235
Cell2,7500,562.233702061415,7500,0.0278240400366485,0.00170042389072478,0.0161689617671072,0.0219096954679117,0.0259837645571679,76.5132268364455
Cell2,7600,558.632067863468,7600,0.0276157013140619,0.00169041648041457,0.0159837735118344,0.0217245059320703,0.0257754260674119,76.0230878544544
Cell2,7700,544.914770679986,7700,0.026782407076098,0.00167851615697145,0.0150115739088506,0.0208449071506038,0.024942129268311,74.156329125594
Cell3,0,735.119595112905,0,0.0385995366377756,0.00172725925222039,0.0266898145200685,0.0322337959660217,0.0365624995902181,100
Cell3,100,726.687227043766,100,0.0380902312463149,0.00173152331262827,0.0262383938534185,0.0317360722692683,0.0360763447824866,98.8529256837666
Cell3,200,722.732835507585,200,0.0378587421728298,0.00172803224995732,0.0260416293749586,0.0315045845927671,0.0358448561746627,98.3150007580172
Cell3,300,720.206683619517,300,0.0377199068898335,0.00173425232060254,0.0258912033168599,0.0313541662180796,0.0357060179812834,97.9713625384863
Cell3,400,716.050327900058,400,0.037465232075192,0.00173265067860484,0.0256828390993178,0.0311110730981454,0.0354513456113636,97.4059639629225
Cell3,500,713.084030472968,500,0.0372800392797217,0.00174396275542676,0.025543945026584,0.0309374558273703,0.0352661532815546,97.0024517389511
Cell3,600,710.058311972514,600,0.0371295765507966,0.00173499516677111,0.025405056308955,0.0307869929820299,0.0351156905526295,96.590856330453
Cell3,700,708.507711773909,700,0.0371296291705221,0.00175290275365114,0.025381944142282,0.0307754626264796,0.0351273143896833,96.3799246386693
Cell3,800,705.572527561334,800,0.0369443993549794,0.00174535426776856,0.025231450679712,0.0306018145056441,0.034930512891151,95.9806448164352
Cell3,900,703.212735141079,900,0.0368055028375238,0.00174446741584688,0.0251041307346895,0.0304629193851724,0.0347800428280607,95.6596368558336
Cell3,1000,700.892249181502,1000,0.0366666142363101,0.00174671516288072,0.0249768161447719,0.0303240307839587,0.034652728238143,95.3439758429856
Cell3,1100,698.670302850613,1100,0.0365396328270435,0.00174193235579878,0.0248497280990705,0.0302085656439885,0.0345141543075442,95.0417194012229
Cell3,1200,696.346028454363,1200,0.0363891687011346,0.00175617088098079,0.0247455606004223,0.0300812497735023,0.0343752643093467,94.7255430386688
Cell3,1300,693.93204352945,1300,0.0362387044588104,0.00176240014843643,0.0245835223468021,0.0299539340194315,0.0342363743111491,94.3971631477012
Cell3,1400,691.478275336548,1400,0.0360999802360311,0.00175690127070993,0.0244563188171014,0.0298151809256524,0.0340976408915594,94.0633714477908
Cell3,1600,686.403976102712,1600,0.035821758909151,0.00175582175143063,0.0241666664369404,0.0295486107934266,0.0338078700006008,93.373102916307
Cell3,1800,681.126422723104,1800,0.0354861106025055,0.00175620371010154,0.0238541663857177,0.0292592588812113,0.0334722218103707,92.6551852584601
Cell3,1900,678.231776875031,1900,0.0353240736294538,0.00175694213248789,0.0236574071459472,0.0290972219081596,0.0332986107096076,92.2614199626746
Cell3,2000,675.41485589995,2000,0.0351504625286907,0.00176718283910304,0.0234837959287688,0.0289583329576999,0.0331481477478519,91.8782277591464
Cell3,2100,673.391810677128,2100,0.0349999571917579,0.00175375712569803,0.0233448788058013,0.028807835187763,0.0329976448556408,91.6030282900707
Cell3,2200,669.907232404565,2200,0.0348379625938833,0.00174996058922261,0.023136573843658,0.0286574070341885,0.0328240736853331,91.1290131371992
Cell3,2300,667.987230422601,2300,0.034664309467189,0.00177000253461301,0.0230092311976478,0.0285184837412089,0.0326735712587833,90.8678308758735
Cell3,2400,665.183023224843,2400,0.0345254625426605,0.00176888657733798,0.0228240737924352,0.0283912033773959,0.0325231477618217,90.4863681565555
Cell3,2500,663.178755510522,2500,0.0343749579042196,0.00175781268626451,0.022708305506967,0.0282522802008316,0.032384219695814,90.2137230349119
Cell3,2600,659.637567715624,2600,0.0342245366191491,0.00175038876477629,0.0224768514744937,0.0280902773374692,0.0321990735828876,89.7320071592313
Cell3,2700,658.370789436744,2700,0.0340856065740809,0.00176384497899562,0.0224073800491169,0.0279976510209963,0.0320948682492599,89.5596844123882
Cell3,2800,655.854786579817,2800,0.0339467106387019,0.00174768967553973,0.0222569125471637,0.0278471823548898,0.0319443986518309,89.217426788778
Cell3,2900,651.969414261281,2900,0.033761573722586,0.0017525393050164,0.0219791664276272,0.0276736108353361,0.0317592589417472,88.688890705076
Cell3,3000,650.977430612966,3000,0.0336573662934825,0.00174643774516881,0.0219559917459264,0.0275809848681092,0.0316666279686615,88.5539489003805
Cell3,3100,648.729326656945,3100,0.0334953224519268,0.0017656225245446,0.0217823763377964,0.0274420904461294,0.0315161587204784,88.2481341770394
Cell3,3200,645.093333298306,3200,0.033321758848615,0.00176489120349288,0.0215393516700715,0.0272916663670912,0.0313541663344949,87.7535216836694
Cell3,3500,638.18058440783,3500,0.0329745366470888,0.00176233565434813,0.0212152774911374,0.0269907404435799,0.0310300921555609,86.8131646402125
Cell3,3600,637.748016082204,3600,0.0328934782883152,0.00175551406573504,0.0211805296130478,0.0269096893025562,0.030949036241509,86.7543213814419
Cell3,3700,635.89805559061,3700,0.0326967124128714,0.00174825452268124,0.0209374700207263,0.0266897765686736,0.0307522708317265,86.5026670242607
Cell3,3800,632.34202241588,3800,0.0326273144455627,0.0017525926232338,0.0208217590115964,0.0266550922533497,0.030694444081746,86.018931697605
Cell3,3900,631.714917735141,3900,0.0325346825411543,0.00175470614340156,0.0208101598545909,0.0265740416944027,0.0306018145056441,85.9336252134753
Cell3,4000,629.660342836602,4000,0.0324073609663174,0.00174573599360883,0.0206481185741723,0.0264235732611269,0.0304744933964685,85.6541366904924
Cell3,4100,626.662475277683,4100,0.0322685181163251,0.00174127542413771,0.0204166664043441,0.0262731477851048,0.0303356477525085,85.2463299092763
Cell3,4200,625.667566256697,4200,0.0321874995715916,0.00173557864036411,0.0204050922766328,0.0262037033680826,0.030254629207775,85.110990159445
Cell3,4300,623.802889529931,4300,0.0320369978435338,0.0017401622608304,0.0202777530066669,0.0260532088577747,0.0300925557967275,84.8573339191323
Cell3,4400,621.862568692847,4400,0.0319096766179428,0.00174674286972731,0.0201620082370937,0.0259258889127523,0.0299883830593899,84.5933876374683
Cell3,4500,618.447205136966,4500,0.0317476848140359,0.00174266891553998,0.0199074071133509,0.025775462621823,0.0298379625892267,84.1287879208254
Cell3,4600,617.397062827596,4600,0.0316319058183581,0.00174942146986723,0.0198958091204986,0.0256596909603104,0.0297221859218553,83.9859346604374
Cell3,4800,613.828605547953,4800,0.0314120136899874,0.00173998484387994,0.0196759112877771,0.0254513699328527,0.0295138669898733,83.500509254372
Cell3,5000,608.924850044769,5000,0.0311574070947245,0.0017282129265368,0.0193402775330469,0.0251851849025115,0.0292708330089226,82.8334401766622
Cell3,5100,607.559576722663,5100,0.0310300546698272,0.00173216452822089,0.019270809716545,0.0250694138230756,0.0291319087846205,82.6477189237963
Cell3,5200,604.4512359157,5200,0.0309143514605239,0.00172715971712023,0.0189814813202247,0.0249421293847263,0.0290509256301448,82.2248842139577
Cell3,5300,604.359365195601,5300,0.0308680178131908,0.00171998410951346,0.0190856248373166,0.0249073769664392,0.0289814460556954,82.2123868297619
Cell3,5400,602.505469684957,5400,0.0307406968204305,0.00172880536410958,0.01898145431187,0.0247916311491281,0.028854125412181,81.9601971829386
Cell3,5500,599.498936237349,5500,0.0306018515257165,0.00170437025371939,0.0186111108632758,0.0245949070667848,0.028726851567626,81.5512115610622
Cell3,5600,599.626642932814,5600,0.0305670923553407,0.00171568070072681,0.0187846992630512,0.0246295995311812,0.0286920946091413,81.5685837949564
Cell3,5700,597.947026618513,5700,0.0304513452574611,0.00172741187270731,0.0187152510043234,0.0245138538302854,0.028587921988219,81.3401017458494
Cell3,5800,595.61810453378,5800,0.0303472218802199,0.00171607406809926,0.0185300923185423,0.0243865738157183,0.0284837959334254,81.0232931476001
Cell3,5900,594.160661127621,5900,0.0302198705030605,0.0017185996985063,0.0184721996774897,0.0242708036676049,0.0283680208958685,80.8250337873752
Cell3,6000,592.287848506399,6000,0.0301156976493075,0.00171045365277678,0.0183680292684585,0.0241782062221318,0.0282522744964808,80.5702708027298
Cell3,6100,589.33783634787,6100,0.029965277411975,0.00169930560514331,0.0180439812829718,0.02396990719717,0.0281134255928919,80.1689739010909
Cell3,6200,588.848930402283,6200,0.0299189449287951,0.0017034747870639,0.0181712741032243,0.0239698782097548,0.0280555213103071,80.102466907013
Cell3,6300,587.162691423103,6300,0.0298147721914575,0.00170502765104175,0.018043955671601,0.0238657066365704,0.0279513489222154,79.8730839616541
Cell3,6400,584.887704588158,6400,0.0296874997438863,0.00168528000358492,0.017719907220453,0.0236805552849546,0.0278356478083879,79.5636122988025
Cell3,6500,584.615500520413,6500,0.0296527415048331,0.00170251412782818,0.0178934965515509,0.0237152487970889,0.0278008918976411,79.5265837568407
Cell3,6600,582.996798268588,6600,0.0295601428952068,0.00169440498575568,0.0178009003866464,0.0236110773403198,0.0277082936372608,79.3063879869843
Cell3,6700,582.47112856389,6700,0.0296064810827374,0.00167733803391457,0.0175462961196899,0.0235763886012137,0.0277662033913657,79.2348799346629
Cell3,6800,582.669789037045,6800,0.0295601490652189,0.00169816915877163,0.0177546079503372,0.0236110822297633,0.0277198734693229,79.2619041732324
Cell3,6900,581.124522409024,6900,0.0294559764442965,0.00170299294404685,0.0176620117854327,0.0235184849007055,0.0276157013140619,79.051698019255
Cell3,7000,578.701182313585,7000,0.0293171292869374,0.00167912268079817,0.0172453701961786,0.0232754626777023,0.0274768514791504,78.7220455230423
Cell3,7100,580.2683002516,7100,0.0293055552756414,0.00169759488198906,0.0175347221083939,0.0233680553501472,0.0274768515955657,78.9352241606998
Cell3,7200,577.609174588738,7200,0.029212927329354,0.00169251183979213,0.0174421083647758,0.0232754345051944,0.027361077722162,78.573497214426
Cell3,7300,575.996621716719,7300,0.0290971805807203,0.00170771987177432,0.0173379381885752,0.0231712631648406,0.0272569054504856,78.3541379587703
Cell3,7400,574.075961134393,7400,0.029016203363426,0.00168283563107252,0.0171180553734303,0.0230439811712131,0.0271643515443429,78.0928661065309
Cell3,7500,573.082507744263,7500,0.0289235757663846,0.00169579416979104,0.0171643308131024,0.0229860830586404,0.027083300286904,77.9577243694945
Cell3,7600,571.562206783318,7600,0.0288425512844697,0.0016841966426,0.0170717347646132,0.0229050597408786,0.0269907020265236,77.7509143523148
Cell3,7700,569.865239249969,7700,0.0287268514512107,0.0016790023073554,0.0168055553222075,0.0227314811199903,0.0268865736434236,77.5200719771924
Cell3,7800,569.313473661045,7800,0.02868052048143,0.0016875002766028,0.0169444236671552,0.0227430276572704,0.026840244885534,77.4450140420492
Cell3,7900,567.869427026727,7900,0.0285994961159304,0.00168289581779391,0.0168518277350813,0.0226735787000507,0.0267592209856957,77.2485770753409
Cell3,8000,566.461870454597,8000,0.0284722218057141,0.00168154865968972,0.0165046293986961,0.0224768515909091,0.0266435181256384,77.0571039352577
Cell3,8100,565.857303003404,8100,0.0284606133354828,0.00168847246095538,0.016712942509912,0.0225346946390346,0.0266203378560022,76.9748632420138
Cell4,0,734.075615893833,0,0.0387731477385387,0.0017598633421585,0.0267129626590759,0.0323379626497626,0.0367245366796851,100
Cell4,100,725.68956776276,100,0.0382985642645508,0.00173734279815108,0.0263425603043288,0.0318865351146087,0.036249955650419,98.8576043190235
Cell4,200,720.520947044064,200,0.0379976308904588,0.00175340950954705,0.0261110737919807,0.0316087511600927,0.0359605967532843,98.1535050945311
Cell4,300,716.899384536336,300,0.0378009255509824,0.00173604628071189,0.025925925699994,0.0314004626125097,0.0357523143757135,97.6601550323147
Cell4,400,711.608957710388,400,0.0374652319587767,0.00175171310547739,0.0256596908438951,0.031087924959138,0.0354281973559409,96.9394626797284
Cell4,500,707.538136014693,500,0.0372337431181222,0.00174837245140225,0.0254397784592584,0.0308680114103481,0.0351967089809477,96.3849119485018
Cell4,600,703.367497237217,600,0.037013835972175,0.00174801365938038,0.0252430194523185,0.0306596783921123,0.0349768018350005,95.8167635606279
Cell4,700,701.722747491465,700,0.0368055551080033,0.0017386875115335,0.0250578700797632,0.0304629625752568,0.0347685180604458,95.5927062959347
Cell4,800,698.00576857569,800,0.0365624553523958,0.00174854882061481,0.0248379326658323,0.0302430186420679,0.0345369948772714,95.0863580621429
Cell4,900,694.515563431285,900,0.0363656886620447,0.00174233084544539,0.0246643165592104,0.0300578273599967,0.0343402286525816,94.6109022550247
Cell4,1000,690.917491549174,1000,0.0361457816325128,0.001751002157107,0.0244791316799819,0.0298610683530569,0.0341318956343457,94.1207522208583
Cell4,1100,687.188848176741,1100,0.0359262021956965,0.00175116385798901,0.0242825940949842,0.0296761541394517,0.0339122978039086,93.6128149877311
Cell4,1200,682.950814764431,1200,0.0356947188265622,0.00173770321998745,0.0240626849699765,0.0294446707703173,0.0336692403070629,93.0354857153033
Cell4,1300,678.973812147597,1300,0.0354400873184204,0.00175857602152973,0.0238196275895461,0.0292363358894363,0.0334377570543438,92.4937155582886
Cell4,1400,674.794672437537,1400,0.0352203398942947,0.0017416694900021,0.0236114010913298,0.0290165600599721,0.0332064263056964,91.9244091245133
Cell4,1600,667.088694869066,1600,0.0347800921881571,0.00175314804073423,0.0231712959939614,0.0286342588951811,0.0327777774073184,90.8746565647462
Cell4,1800,659.50607827045,1800,0.0343055551638827,0.00176312960684299,0.0227314812364057,0.0282060181489214,0.0323148143943399,89.8417089453946
Cell4,1900,655.800346035912,1900,0.0341087959241122,0.00174481247086078,0.0224768515909091,0.0280208330368623,0.0321064811432734,89.3368927991689
Cell4,2000,651.835891740275,2000,0.0338888885453343,0.00173816434107721,0.0222337960731238,0.0278009256580845,0.0318865737644956,88.7968320465978
Cell4,2100,649.132295177317,2100,0.0336689404211938,0.00176062749233097,0.0220717323245481,0.027627281146124,0.0316897761076689,88.4285325820166
Cell4,2200,644.827599194441,2200,0.0334606477990746,0.00174479396082461,0.0218055553268641,0.0274074070621282,0.0314699070295319,87.8421221510374
Cell4,2300,642.73457002497,2300,0.0332985704299062,0.00174567138310522,0.0216897883219644,0.0272684851661325,0.0313194061163813,87.5569976864518
Cell4,2400,639.779528362064,2400,0.0331597218755633,0.00173817353788763,0.021469907136634,0.0271180552663282,0.0311805552337319,87.1544449250026
Cell4,2500,637.912457001685,2500,0.0329976448556408,0.00174552097450942,0.021388862747699,0.0269907077308744,0.0310300546698272,86.9001017320189
Cell4,2600,632.844296017388,2600,0.0327546291518956,0.00174481014255434,0.0210416663903743,0.0267592589370906,0.0307870366377756,86.2096877100076
Cell4,2700,631.356758467858,2700,0.0326272749807686,0.00173939834348857,0.0209837707225233,0.0266434859950095,0.030659684794955,86.0070467943686
Cell4,2800,629.234276677443,2800,0.0324883793946356,0.0017473540501669,0.0208680257201195,0.0265277398284525,0.0305323636857793,85.7179101244588
Cell4,2900,624.407183580526,2900,0.0322685182327405,0.00173841894138604,0.0204976849490777,0.0262847219128162,0.0303009256022051,85.0603357557693
Cell4,3000,624.024157634993,3000,0.0321643125498667,0.00175682187546045,0.0205323823029175,0.0262383938534185,0.0302314445143566,85.0081577597646
Cell4,3100,621.04063724335,3100,0.0319906949298456,0.00174764334224164,0.0203587671276182,0.026064777513966,0.0300694013712928,84.6017254621859
Cell4,3200,617.429800907654,3200,0.0318055551033467,0.00175135652534664,0.020069444202818,0.0258680551778525,0.0298842588672414,84.1098365807796
Cell4,3300,616.610099421912,3300,0.0317360723856837,0.00173556269146502,0.0200809939997271,0.0258101536892354,0.0298032043501735,83.9981721325955
Cell4,3500,610.009842346035,3500,0.0314351847628132,0.00173263892065734,0.0196990738622844,0.0255324071040377,0.0295370366657153,83.0990471742164
Cell4,3600,609.084531817742,3600,0.0313309802440926,0.00172933121211827,0.01966432784684,0.0254282096866518,0.0294328344753012,82.9729960551956
Cell4,3700,606.842239472212,3700,0.0310416222782806,0.00173614104278386,0.0192476576194167,0.0251041307346895,0.0291434768587351,82.6675381027747
Cell4,3800,602.142940055766,3800,0.0309837959939614,0.0017117221141234,0.0191782405599952,0.0250694442074746,0.0291087960358709,82.0273725238208
Cell4,3900,602.259064043342,3900,0.030925888218917,0.001723125227727,0.0192360876826569,0.0250231176614761,0.0290393164614215,82.0431916009106
Cell4,4000,600.808131903398,4000,0.0308332891436294,0.00171386101283133,0.0191434910520911,0.0249305198667571,0.0289582918630913,81.8455372845802
Cell4,4100,596.551704446164,4100,0.0305787033867091,0.00173234252724797,0.0188078701030463,0.0246643516002223,0.028726851567626,81.2657022696203
Cell4,4200,595.656476576443,4200,0.030520832980983,0.00171866896562278,0.0188194442307577,0.0246064811944962,0.0286574070341885,81.143749183271
Cell4,4300,593.665268746114,4300,0.0303819073596969,0.00170841685030609,0.0187036808347329,0.0244675626745448,0.0285069096134976,80.8724954067912
Cell4,4400,591.913249215495,4400,0.0302661603782326,0.00171109021175653,0.0185995104257017,0.024351816973649,0.0284027371089906,80.6338252353967
Cell4,4500,588.273065831058,4500,0.0300694440957159,0.00170449074357748,0.0182870368007571,0.0241435181815177,0.0282175922766328,80.1379385303187
Cell4,4600,587.816229015537,4600,0.0299999633571133,0.0017244863556698,0.0183564590988681,0.0241087669273838,0.0281596878776327,80.0757055933256
Cell4,4800,584.526763076273,4800,0.0298032185528427,0.00170701718889177,0.0181712827179581,0.0239004452014342,0.0279513680143282,79.6275956346181
Cell4,5000,582.337908020789,5000,0.029687499627471,0.00168832868803293,0.0179861108772457,0.0237847219686955,0.0278472219360992,79.3294172170148
Cell4,5100,581.233771613044,5100,0.0295832972042263,0.00169100018683821,0.0179397928295657,0.0236805266467854,0.0277198734693229,79.1790054087706
Cell5,0,735.336070718255,0,0.038634258788079,0.00175652781035751,0.0267361107980832,0.0322685181163251,0.0366319440072402,100
Cell5,100,726.327221614966,100,0.038101805257611,0.00173581496346742,0.0262383938534185,0.0317360722692683,0.0360763447824866,98.7748664233907
Cell5,200,721.614390571828,200,0.037800871883519,0.00175796274561435,0.0260069072246552,0.0314582883147523,0.0357985598966479,98.13395796931
Cell5,300,718.14089433448,300,0.0376504624728113,0.0017340254271403,0.0258101848885417,0.0312731477897614,0.0356018514139578,97.6615894325734
Cell5,400,713.49792269889,400,0.0373263432411477,0.00175596319604665,0.0255670984042808,0.0309837583918124,0.0353124568937346,97.0301813158663
Cell5,500,709.92945247993,500,0.0371295765507966,0.00174246972892433,0.0253819081699476,0.0307985671097413,0.0351041164249182,96.5448970545524
Cell5,600,706.719751789666,600,0.0369443915551528,0.00173913175240159,0.0252082973020151,0.0306133821140975,0.0349189315456897,96.1084026653776
Cell5,700,704.406822773905,700,0.0369328699307516,0.00174393295310438,0.0251620367635041,0.0305787033867091,0.0349074070109054,95.7938622657068
Cell5,800,701.029586775329,800,0.0367013440700248,0.00175712513737381,0.0249768213834614,0.0303703332319856,0.0346874576061964,95.334584374541
Cell5,900,698.250012046478,900,0.0365392995299771,0.0017503215931356,0.0248379274271429,0.0302198641002178,0.034513839520514,94.9565837786861
Cell5,1000,695.557691685059,1000,0.0363772627897561,0.00175308075267822,0.0246990387095138,0.0300809754990041,0.0343518026638776,94.590449099778
Cell5,1100,692.553194357052,1100,0.0362039820756763,0.00175315700471401,0.02452565159183,0.0299076373921707,0.0341900776838884,94.1818607756568
Cell5,1200,689.7775882498,1200,0.0360535179497674,0.00174198090098798,0.0243867615936324,0.0297803215216845,0.0340280394302681,93.804399881546
Cell5,1300,687.113559786953,1300,0.0358799055684358,0.0017534022917971,0.0242131490958855,0.0296182832680643,0.0338660011766478,93.4421126813214
Cell5,1400,684.527528455302,1400,0.0357296053553,0.00175044510979205,0.024062795448117,0.0294795285444707,0.0337156917667016,93.0904324857443
Cell5,1600,678.643903735009,1600,0.0353935181628913,0.00176085869316012,0.0237152775516734,0.0291666663251817,0.0333680551266298,92.2903051759897
Cell5,1800,672.72642283883,1800,0.0350231477059424,0.00175818055868149,0.0233449070947245,0.0288310181349516,0.0330092587973922,91.4855736890113
Cell5,1900,669.603985804132,1900,0.0348495366051793,0.00175550451967865,0.0231249997159466,0.0286689810454845,0.0328240736853331,91.0609464798975
Cell5,2000,666.561561300934,2000,0.0346643514931202,0.00176187034230679,0.0229513886151835,0.0285069440724328,0.0326504625845701,90.6472003542347
Cell5,2100,664.112144055915,2100,0.0344675504602492,0.00177190988324583,0.0228008980629966,0.0283564468845725,0.0324652381241322,90.3140986144239
Cell5,2200,661.115625294454,2200,0.0343287033028901,0.00176953931804746,0.0226041664136574,0.0282060181489214,0.0323379625333473,89.9065953134456
Cell5,2300,659.085262664307,2300,0.0341781988972798,0.00175287749152631,0.0224768243497238,0.0280555211938918,0.0321758865611628,89.6304817497299
Cell5,2400,655.624570723609,2400,0.0340046292403713,0.00176139583345503,0.0222685182234272,0.02790509222541,0.0320138884708285,89.1598544979867
Cell5,2500,653.572031102383,2500,0.0338425512891263,0.00175661116372794,0.0221411766251549,0.0277661697473377,0.0318518129643053,88.88072503556
Cell5,2600,650.180332633355,2600,0.0336689810501412,0.00177453935611993,0.0218865738715976,0.0275925922906026,0.0316898144083098,88.4194803606299
Cell5,2700,648.655456031609,2700,0.0335416255984455,0.00175733817741275,0.0218402510508895,0.0274652441730723,0.0315508872736245,88.212108974611
Cell5,2800,646.372905504561,2800,0.0334027300123125,0.0017558493418619,0.0216782097704709,0.0273379238788038,0.0314235661644489,87.9016998136923
Cell5,2900,643.068254006961,2900,0.0332407403038815,0.00176941906102002,0.0214004627196118,0.0271874996833503,0.0312615736620501,87.4522928514619
Cell5,3000,642.136175956031,3000,0.0331481077009812,0.00175808113999665,0.0214235850144178,0.0271064484259114,0.0311805175151676,87.3255374687129
Cell5,3100,639.808024454692,3100,0.0329976379871368,0.00175761093851179,0.0212731177452952,0.0269559798762202,0.0310300481505692,87.0089269291177
Cell5,3200,636.618801202003,3200,0.0328472218243405,0.00176609947811812,0.0210069441236556,0.0268287033541128,0.0308912033215165,86.5752173125646
Cell5,3300,635.56538229874,3300,0.0327430155593902,0.00175267609301955,0.0210069187451154,0.0267245044233277,0.0307869993848726,86.431960515406
Cell5,3500,629.152559404558,3500,0.032476851483807,0.00175231019966304,0.0206597220385447,0.026493055280298,0.0305439811199903,85.5598663601556
Cell5,3600,628.579825158051,3600,0.0323726456845179,0.00175258121453226,0.0206134007312357,0.0264004307100549,0.0304513516603038,85.4819789465886
Cell5,3700,626.454162391917,3700,0.032141157775186,0.00175614794716239,0.0203819153830409,0.0261689440812916,0.0302198642166331,85.1929053038313
Cell5,3800,622.742961844828,3800,0.032083333004266,0.00175289576873183,0.0202199071645737,0.0261111108120531,0.0301736107794568,84.6882108253646
Cell5,3900,622.225514070828,3900,0.0319907016819343,0.00175448856316507,0.0202314567286521,0.0260416348464787,0.0300694077741355,84.61784194308
Cell5,4000,620.054371370107,4000,0.031863380339928,0.00174078694544733,0.0200925639364868,0.0258911667624488,0.0299420867813751,84.3225833821066
Cell5,4100,616.992745799042,4100,0.0317129625473171,0.00174340745434165,0.0198032405460253,0.0257407404715195,0.0298148144502193,83.9062260601987
Cell5,4200,616.003010503072,4200,0.0316319440025836,0.00173531717155129,0.0198148145573214,0.0256481477990746,0.0297106477664784,83.7716297394983
Cell5,4300,614.413010023892,4300,0.0314814429730177,0.00174837524536997,0.0197106241248548,0.0255208021262661,0.0295717230765149,83.5554020114573
Cell5,4400,612.444336081729,4400,0.031354121863842,0.00174741877708584,0.0196064534829929,0.0253934821812436,0.0294559763278812,83.2876776306528
Cell5,4500,609.527583713162,4500,0.031249999650754,0.00171625684015453,0.0193287034053355,0.0252430551918224,0.0293402774259448,82.8910219401849
Cell5,4600,608.982694911635,4600,0.0311573693761602,0.00172768079210073,0.019386550411582,0.0251735803904012,0.0292476494796574,82.8169212910769
Cell5,4800,605.354310735765,4800,0.0309259028872475,0.00172918848693371,0.0191666523460299,0.0249536851188168,0.0290277560707182,82.3234891965075
Cell5,5000,456.12886358745,5000,0.0228472219314426,0.00139525916893035,0.0133912034798414,0.0181481478502974,0.0213657404528931,62.0299862540289
Cell6,0,732.794755451229,0,0.0386226846603677,0.00175574538297951,0.0266550922533497,0.032210647710599,0.0365856476128101,100
Cell6,100,724.683839133562,100,0.0381249533966184,0.00174946314655244,0.0262846901314333,0.0317823685472831,0.0360994929214939,98.8931530612998
Cell6,200,719.978078056112,200,0.0378818901954219,0.00172659242525697,0.026076351525262,0.0315045845927671,0.0358448561746627,98.2509867463195
Cell6,300,716.76054902478,300,0.0376967587508261,0.00173074309714139,0.0258912034332752,0.0313310180790722,0.0356597218196839,97.8119103190667
Cell6,400,711.673652020233,400,0.0373842136468738,0.00174160662572831,0.025648116832599,0.0310532028088346,0.0353587531717494,97.1177327247668
Cell6,500,707.777053372192,500,0.0371758728288114,0.00173667341005057,0.0254629265982658,0.0308564373990521,0.0351388386916369,96.5859878372585
Cell6,600,704.24917843416,600,0.0369791138218716,0.00173419655766338,0.0252661675913259,0.0306596783921123,0.0349536536959931,96.1045604100302
Cell6,700,702.809587912564,700,0.0368865736527368,0.00174020137637854,0.0251736107748002,0.0305671292589977,0.0348611107328907,95.9081083324345
Cell6,800,698.814326373159,800,0.0366318996530026,0.0017448381986469,0.024953673244454,0.0303356110816821,0.0346064391778782,95.3628995260553
Cell6,900,696.025686789157,900,0.0364467070903629,0.00176493963226676,0.0248032052768394,0.0301851419499144,0.0344443951034918,94.9823510077619
Cell6,1000,692.813451561018,1000,0.0362730962224305,0.00175153685268015,0.024641168420203,0.0300115311983973,0.0342592102242634,94.5439969933201
Cell6,1100,689.806400949287,1100,0.0361113887047395,0.00173750182148069,0.0244793548481539,0.0298497665207833,0.0340859101852402,94.1336432633893
Cell6,1200,686.860239322286,1200,0.0359262021956965,0.001749133807607,0.0243173165945336,0.0296993023948744,0.0339238719316199,93.7315986792702
Cell6,1300,683.778676174811,1300,0.0357525896979496,0.00174434448126704,0.024143704213202,0.0295256900135428,0.0337271111784503,93.3110766811867
Cell6,1400,680.869388200551,1400,0.0355675662867725,0.00175171135924757,0.0239702017279342,0.0293637864524499,0.0335536526981741,92.9140640180067
Cell6,1600,674.400003866557,1600,0.0352199069457129,0.0017462222604081,0.023587962728925,0.0290393515024334,0.0331944440258667,92.0312268680587
Cell6,1800,669.183033550425,1800,0.0348958328831941,0.00174428464379162,0.023263888549991,0.028738425578922,0.0328819439746439,91.3192989677397
Cell6,1900,666.007337670546,1900,0.0346874996321276,0.00176568736787885,0.0230787034379318,0.028576388489455,0.0326851847348735,90.8859312537576
Cell6,2000,662.607774415361,2000,0.0345023144036531,0.0017520833062008,0.022858796059154,0.0283912033773959,0.0324999996228144,90.4220137338934
Cell6,2100,660.061558726895,2100,0.0343055136036128,0.00176277791615576,0.022708305506967,0.0282407061895356,0.0323263494065031,90.0745473158377
Cell6,2200,656.374972696333,2200,0.0341319440631196,0.0017516064690426,0.0224768515909091,0.0280439811758697,0.0321412032935768,89.5714615604966
Cell6,2300,654.408837413428,2300,0.0339814400067553,0.0017448381986469,0.0223726578988135,0.0279166325926781,0.0319907016819343,89.3031551529686
Cell6,2400,650.369289736203,2400,0.0337615736061707,0.001752715324983,0.0220833331113681,0.0277083329856396,0.0317708329530433,88.7519028893333
Cell6,2500,648.445082676429,2500,0.033611070131883,0.0017511019250378,0.0219791398849338,0.0275809848681092,0.0316319058183581,88.4893181689243
Cell6,2600,644.310079799076,2600,0.0334143514046445,0.00175188656430691,0.0216898145154119,0.0273726847954094,0.0314351847628132,87.9250397203419
Cell6,2700,643.507492283247,2700,0.0333217184524983,0.00174758129287511,0.0216666401829571,0.0273032073164359,0.0313425542553887,87.815515530948
Cell6,2800,641.331413770671,2800,0.0331943968776613,0.00174648128449917,0.0215508950641379,0.0271758870221674,0.031226807157509,87.5185594601808
Cell6,2900,637.279799374644,2900,0.0329861106583849,0.00175837730057538,0.0212499997578561,0.0269791663158685,0.0310185181442648,86.9656605255355
Cell6,3000,636.621589904422,3000,0.0329166264273226,0.00174007890745997,0.02124997403007,0.0269212634302676,0.0309606102528051,86.8758387213638
Cell6,3100,633.995613973406,3100,0.0327430086908862,0.00174663413781673,0.0210879328660667,0.0267476469743997,0.0307869929820299,86.5174879128349
Cell6,3200,630.161218813121,3200,0.0325462959008291,0.00175814121030271,0.020787036861293,0.0265740738250315,0.0306018515257165,85.9942315532934
Cell6,3300,629.07758408454,3300,0.0324420899851248,0.0017504746792838,0.0207870115991682,0.0264814491383731,0.0305092219496146,85.8463545767568
Cell6,3500,622.933097137187,3500,0.0321874995715916,0.00173857645131648,0.0204513886710629,0.0262384256348014,0.0302662033354864,85.0078541778873
Cell6,3600,622.465575018138,3600,0.0321064422605559,0.00173323857598007,0.0204282157355919,0.0261689494363964,0.0301735742250457,84.9440543054713
Cell6,3700,620.33132601359,3700,0.0317939359229058,0.00175874051637948,0.0200346935307607,0.0258448703680187,0.0298842164920643,84.6528064507793
Cell6,3800,616.164044285397,3800,0.0317939810920507,0.00172351149376482,0.0199999997857958,0.0258564811665565,0.0298842588672414,84.0841231056552
Cell6,3900,615.968142113712,3900,0.0317129242466763,0.00174012291245162,0.0200346977217123,0.0257985795615241,0.0298147783614695,84.0573895393698
Cell6,4000,613.503177902191,4000,0.0315508808707818,0.00174299743957818,0.0198495086515322,0.0256249633384869,0.0296643094625324,83.7210110113871
Cell6,4100,609.617381863736,4100,0.031365740345791,0.00172290508635342,0.0195486109005287,0.0254166664090008,0.0294675922486931,83.1907402896674
Cell6,4200,609.023098888428,4200,0.0312962959287688,0.00172629626467824,0.0195601850282401,0.0253587960032746,0.0294097219593823,83.109642141668
Cell6,4300,607.369949054111,4300,0.0311805173987523,0.00171424564905465,0.0194907168624923,0.0252314505632967,0.0292707975022495,82.8840469361866
Cell6,4400,605.591502635824,4400,0.0310416222782806,0.00173524755518883,0.0193749723257497,0.0251157048624009,0.0291781990090385,82.6413532753685
Cell6,4500,601.558261294986,4500,0.0308333330322057,0.00173391192220151,0.0190393516095355,0.0248958329902962,0.0289699070854113,82.0909615987314
Cell6,4600,586.044234093791,4600,0.029999963240698,0.00168881739955395,0.0185763661284,0.0242129333782941,0.0281712617725134,79.9738575821173
Cell6,4800,586.383603244592,4800,0.0304745143512264,0.00173239223659039,0.0183448938187212,0.0243749818764627,0.028564793523401,80.020169205976
Cell6,5000,579.023151972375,5000,0.0298842588672414,0.0017099374672398,0.0181828701170161,0.0240740737644956,0.0280439810594544,79.0157336232343
Cell7,0,728.746072456909,0,0.0384143514093012,0.00172841432504356,0.0266087959753349,0.0320833328878507,0.036400462500751,100
Cell7,100,720.347778045169,100,0.0378934722393751,0.00173044926486909,0.0261226532747969,0.0315624614013359,0.0358795857755467,98.8475691699544
Cell7,200,716.213771743144,200,0.0376504091545939,0.00172902294434607,0.0259258889127523,0.031342547852546,0.0356365231564268,98.280292520615
Cell7,300,713.955089935503,300,0.0375578699167818,0.00172991899307817,0.0258333330275491,0.0312384255230427,0.0355439810082316,97.9703516656302
Cell7,400,710.350491252628,400,0.0373031952185556,0.00173678260762244,0.0256133946822956,0.0310069066472352,0.0353008828824386,97.4757213932883
Cell7,500,707.604499140262,500,0.0371411505620927,0.00173275452107191,0.0254629265982658,0.0308448632713407,0.0351272645639256,97.0989108393586
Cell7,600,705.10385673037,600,0.037002261960879,0.00172428681980819,0.0253240378806368,0.030705974670127,0.0349768018350005,96.7557676644718
Cell7,700,705.007774436079,700,0.0369791662087664,0.00172889116220176,0.0252893515862525,0.0306712959427387,0.0349652774166316,96.7425830590348
Cell7,800,702.204227822011,800,0.0367823623819277,0.00174231268465519,0.0251272841123864,0.0305092219496146,0.0347684760345146,96.3578747607635
Cell7,900,700.106520042792,900,0.0366434660973027,0.00175745808519423,0.0250346863176674,0.0303934749681503,0.0346411541104317,96.0700230853306
Cell7,1000,698.025040853716,1000,0.0365392995299771,0.0017361642094329,0.0249189457390457,0.0302777343895286,0.0345369875431061,95.7843983296376
Cell7,1100,695.960970326206,1100,0.0364123169565573,0.00174417777452618,0.0248150055995211,0.0301506947726011,0.0344099868088961,95.5011624254562
Cell7,1200,694.003233982137,1200,0.0362965754466131,0.00174046249594539,0.0246992640895769,0.0300465273903683,0.0342826710548252,95.2325179115354
Cell7,1300,692.099656280138,1300,0.0361692595761269,0.00175428902730346,0.0245835223468021,0.0299423598917201,0.034178503556177,94.9713051552757
Cell7,1400,690.271108519484,1400,0.0360652576200664,0.00174792658071965,0.0244563188171014,0.0298383292974904,0.0340629182755947,94.7203881582908
Cell7,1600,686.461732363437,1600,0.0358564810594544,0.00175180553924292,0.0242361108539626,0.0296412033494562,0.0338310181396082,94.1976579097142
Cell7,1800,682.458405249044,1800,0.0355902772862464,0.00175624538678676,0.023993055219762,0.029409721842967,0.0335763884941116,93.6483133210159
Cell7,1900,680.167477486966,1900,0.0354745365912095,0.00174886337481439,0.0238541662693024,0.0292939810315147,0.0334490736713633,93.3339476113861
Cell7,2000,677.997859204339,2000,0.0353472217684612,0.00174525461625308,0.0237152775516734,0.0291898144641891,0.033321758848615,93.0362282322185
Cell7,2100,676.450685379133,2100,0.035208290326409,0.00175498391035944,0.0235995082184672,0.0290740384953097,0.0332059778738767,92.8239219318924
Cell7,2200,673.937740366631,2200,0.0350925922393799,0.00175345130264759,0.0234490738948807,0.0289583330741152,0.0330787033308297,92.4790905691614
Cell7,2300,672.468531256646,2300,0.0349652350414544,0.00175273627974093,0.0233564529335126,0.0288541313493624,0.0329629227053374,92.2774827436767
Cell7,2400,669.815041612335,2400,0.0348263884661719,0.00176529632881284,0.0231712959939614,0.0287268514512107,0.0328356476966292,91.9133655642366
Cell7,2500,668.316198171909,2500,0.0347221797564998,0.00173829193226993,0.0230555273592472,0.0286226501921192,0.0327082934090868,91.707691256398
Cell7,2600,665.205839916253,2600,0.0345486106816679,0.00176974071655422,0.0228587959427387,0.0284722218057141,0.0325578699121252,91.2808816483311
Cell7,2700,663.936870618998,2700,0.0344559764489532,0.00174215529114008,0.0227893240517005,0.0283680208958685,0.0324536641128361,91.1067511322
Cell7,2800,662.030129796688,2800,0.0343170805135742,0.00176284241024405,0.0226735787000507,0.0282522743800655,0.0323379166657105,90.845104326217
Cell7,2900,658.901848070621,2900,0.034166666213423,0.00176670379005373,0.0224305553128943,0.0281134255928919,0.0321759255602956,90.4158352235349
Cell7,3000,657.900026718472,3000,0.0340856064576656,0.00174859969411045,0.0224073799327016,0.0280323730548844,0.0320948681328446,90.2783632850898
Cell7,3100,655.915849921821,3100,0.0339698587777093,0.00173908309079707,0.0222684865584597,0.0279166266554967,0.0319791209185496,90.0060905591508
Cell7,3200,652.825027948903,3200,0.0338078700006008,0.00175269902683794,0.022037036716938,0.0277662033913657,0.0318171292310581,89.5819617590467
Cell7,3300,651.848250403208,3300,0.0337036625714973,0.00175590522121638,0.0220138620352373,0.0276851513190195,0.0317360722692683,89.4479263820324
Cell7,3500,647.499021924964,3500,0.0335300922160968,0.00176744896452874,0.0218287034658715,0.0275694440351799,0.0315856477245688,88.8511165133244
Cell7,3600,646.831511226752,3600,0.0334606072865427,0.00173991220071912,0.0217360844835639,0.0274768183007836,0.031493017100729,88.7595193543907
Cell7,3700,645.304202881158,3700,0.0331596747273579,0.00176341424230486,0.0212962658843026,0.0271180167328566,0.0312036590185016,88.5499390350834
Cell7,3800,642.436899608198,3800,0.0332175921648741,0.00176854396704584,0.0214814812643453,0.0272685182280838,0.0312731477897614,88.1564819200018
Cell7,3900,641.920163636966,3900,0.0331481075845659,0.00175553257577121,0.0214235848980024,0.0271874667378142,0.0311920915264636,88.0855743719872
Cell7,4000,640.220404326097,4000,0.0330439341487363,0.0017489813035354,0.021330988034606,0.0270717204548419,0.0310994925675914,87.8523299847977
Cell7,4100,637.262487598134,4100,0.0328819439746439,0.00177092826925218,0.0210879626683891,0.0269328700378537,0.0309606477385387,87.4464387093923
Cell7,4200,636.461775519416,4200,0.0328240736853331,0.00175150693394244,0.021076388657093,0.0268634256208315,0.0308912033215165,87.3365633894445
Cell7,4300,634.883345398814,4300,0.0327082934090868,0.00174074782989919,0.0209606225835159,0.0267245044233277,0.0307638512458652,87.119968037475
Cell7,4400,633.385781341109,4400,0.0325925459619612,0.00175577751360834,0.0208680257201195,0.0266319062793627,0.0306712524034083,86.9144692891035
Cell7,4500,630.555554883721,4500,0.032476851483807,0.00174475228413939,0.0206481479108334,0.026493055280298,0.0305555552477017,86.5260999291363
Cell7,4600,630.005615250064,4600,0.032384219695814,0.00175140518695116,0.0206365488702431,0.026412004721351,0.0304629256715998,86.4506361078627
Cell7,4800,626.749010427544,4800,0.0321874760556966,0.00174072780646384,0.020439799525775,0.0262152582872659,0.0302661811001599,86.0037582521042
Cell7,5000,623.046372794627,5000,0.0319675921928138,0.00175402546301484,0.0201504627475515,0.0260069441283122,0.0300578700844198,85.4956748780924
Cell7,5100,621.901057035834,5100,0.0318518129643053,0.00175147235859185,0.020069419988431,0.0258795979898423,0.0299536670790985,85.3385123489098
Cell7,5200,618.823315955888,5200,0.0317476848140359,0.0017409281572327,0.0197685182793066,0.0257523144828156,0.0298611107282341,84.9161785352167
Cell7,5300,618.954853098738,5300,0.0316897761076689,0.00173734279815108,0.0198610868537799,0.0257059871219099,0.0297916303388774,84.9342283261961
Cell7,5400,617.527669520467,5400,0.031597176915966,0.00173042586538941,0.019768490223214,0.0256133892107755,0.0296874574851245,84.7383873285961
Cell7,5500,614.292568719171,5500,0.0314467588905245,0.00173749774694443,0.0194328702054918,0.0254398145480081,0.0295833330601454,84.2944602978281
Cell7,5600,614.56908013913,5600,0.0314004245446995,0.00174542155582458,0.0195601612795144,0.0254397836979479,0.0295254267985001,84.3324037503433
Cell7,5700,613.114659346856,5700,0.0313193995971233,0.00172780768480152,0.0195138609269634,0.0253240377642214,0.0294212541775778,84.1328252075224
Cell7,5800,611.346282371908,5800,0.0312384255230427,0.00172645598649979,0.0193865738110617,0.0252546293195337,0.0293518514372408,83.8901649666258
Cell7,5900,610.03329694239,5900,0.0311342212371528,0.00172868778463453,0.0193171061109751,0.0251620063791052,0.0292360754683614,83.7099944684039
Cell7,6000,608.80858600906,6000,0.0310416222782806,0.00173272902611643,0.0192245094804093,0.0250694085843861,0.0291666248813272,83.5419371738788
Cell7,6100,606.053388732161,6100,0.0309374995995313,0.00171372690238059,0.018958333064802,0.0249305552570149,0.0290624996414408,83.16386346878
Cell7,6200,605.903422715088,6200,0.0308795919409022,0.00172228494193405,0.0190624766983092,0.0248958029551432,0.0289930201834068,83.1432848306589
Cell7,6300,604.65150809668,6300,0.0307869930984452,0.00172811781521887,0.018969880300574,0.0248147794045508,0.0289119957014918,82.9714945918193
Cell7,6400,601.8397427911,6400,0.0306712959427387,0.0017124837031588,0.0186342590022832,0.024664351483807,0.0288310181349516,82.5856585081887
Cell7,6500,602.016138436581,6500,0.0306481106672436,0.0017178914276883,0.0188194214133546,0.0246758956927806,0.0287731129210442,82.609863873013
Cell7,6600,600.727019467584,6600,0.0305555118247867,0.00172834016848356,0.0187383991433308,0.0245948722586036,0.0286920885555446,82.4329683784477
Cell7,6700,598.757537892171,6700,0.0305902773980051,0.00168590736575425,0.0184837960405275,0.02454861078877,0.028738425578922,82.1627121602876
Cell7,6800,599.048607814494,6800,0.0305092219496146,0.00171214377041906,0.0186458105454221,0.0245370070915669,0.0286457983311266,82.2026533597429
Cell7,6900,597.851621443797,6900,0.0304166231071576,0.00172015035059303,0.0185763622866943,0.0244559835409746,0.028564773965627,82.0384004853965
Cell7,7000,594.991572602095,7000,0.0303124996135011,0.0016813495894894,0.0181828701170161,0.02425925899297,0.028449073783122,81.6459388379451
Cell7,7100,597.159289378866,7100,0.030254629207775,0.00171010650228709,0.0184143516235054,0.0243055551545694,0.0283912032609805,81.9433972886592
Cell7,7200,593.966308199477,7200,0.0301620002137497,0.00170970847830176,0.0183101628208533,0.0241897852392867,0.0282985764788464,81.5052499970211
Cell7,7300,592.768780769216,7300,0.0300694013712928,0.00171541655436158,0.0182175665395334,0.0240971876773983,0.0282059781020507,81.3409228773945
Cell7,7400,590.698189122457,7400,0.0299768515396863,0.00170744908973575,0.0180324072716758,0.023981481208466,0.0281365737318993,81.0567921321298
Cell7,7500,589.965019524621,7500,0.0298957967897877,0.00170818076003343,0.0180439593968913,0.0239351559430361,0.0280323731712997,80.9561851270911
Cell7,7600,588.622154220306,7600,0.0298031980637461,0.00171020359266549,0.0179745112545788,0.023842558497563,0.0279513488058001,80.7719144524256
Cell7,7700,586.510741655199,7700,0.0297106477664784,0.00169446994550526,0.0176967590814456,0.023703703423962,0.0278703700751066,80.4821821787423
Cell7,7800,586.064850134962,7800,0.0296411674935371,0.00171236135065556,0.0177893301006407,0.0236921007744968,0.0277893178863451,80.4209960486087
Cell7,7900,584.961583463508,7900,0.0295601428952068,0.00171514810062945,0.0177198820747435,0.0236110773403198,0.0277198677649722,80.2696035796607
Cell7,8000,582.839674803419,8000,0.0294675922486931,0.00168146751821041,0.0173958331579342,0.0234374997671694,0.02761574042961,79.978431010739
Cell7,8100,582.80695708646,8100,0.0294444084865972,0.00169692852068692,0.0175925710937008,0.0234837676398456,0.0275925588794053,79.973941419893
Cell8,0,727.527950877624,0,0.0382754624588415,0.00173408107366413,0.0264120367355645,0.031932869926095,0.0362615736667067,100
Cell8,100,720.043569172709,100,0.0378008796833456,0.00172299786936492,0.0260532088577747,0.0315045911120251,0.0357869933359325,98.971258534344
Cell8,300,713.436867642714,300,0.0374537032330409,0.0017143958248198,0.0257523144828156,0.0311342589557171,0.0354282403131947,98.0631557567084
Cell8,400,709.543137256527,400,0.0371874545235187,0.00172370858490467,0.0255323762539774,0.0308911659521982,0.0351851421874017,97.5279556476969
Cell8,500,706.603120895376,500,0.0370022618444636,0.00173279852606356,0.0253587600309402,0.0307291226927191,0.0349999499740079,97.123845213506
Cell8,600,703.927183093777,600,0.0368517991155386,0.00172267341986299,0.0252314453246072,0.0305786599637941,0.0348494871286675,96.756032843085
Cell8,700,702.826833158634,700,0.0368634255137295,0.00173845363315195,0.0252314811805263,0.0305902773980051,0.0348611107328907,96.6047878037959
Cell8,800,699.660483547668,800,0.0366666219197214,0.00172823865432292,0.0250346916727722,0.0304050554987043,0.034652735455893,96.1695674652308
Cell8,900,697.505187010762,900,0.0365277255186811,0.00173604616429657,0.0249305198667571,0.030277734505944,0.03452541353181,95.8733181549045
Cell8,1000,695.446358352956,1000,0.0364119850564748,0.00173161085695028,0.0248263534158468,0.0301619939273223,0.0344096730696037,95.5903285247023
Cell8,1100,693.384410913418,1100,0.0362850012024865,0.00173545547295362,0.0247224123449996,0.0300581015180796,0.0342826710548252,95.3069102124504
Cell8,1200,691.352559429386,1200,0.0361692595761269,0.00173370074480772,0.0245835223468021,0.0299423597753048,0.0341669293120503,95.0276286423635
Cell8,1300,689.351178358215,1300,0.0360419438220561,0.00174036982934922,0.0244909290922806,0.0298150441376492,0.0340511878021061,94.7525352842656
Cell8,1400,687.491901095595,1400,0.0359263670397922,0.00174473901279271,0.0243752993410453,0.0297341614495963,0.0339240276953205,94.4969743452834
Cell8,1600,683.692750452552,1600,0.0357291662367061,0.00173875223845243,0.0241435181815177,0.0295370366657153,0.0337268514558673,93.9747743887786
Cell8,1800,679.848343976271,1800,0.0354861106025055,0.00173517363145947,0.0239120366750285,0.0293171292869374,0.0334837958216667,93.446353938177
Cell8,1900,677.445316785953,1900,0.0353356477571651,0.00175231939647347,0.0237731479573995,0.0291898144641891,0.0333449071040377,93.1160536126129
Cell8,2000,675.270636770121,2000,0.0352314809570089,0.00172846298664808,0.0236458330182359,0.0290856477804482,0.0332175921648741,92.8171400089214
Cell8,2100,673.78401561244,2100,0.0350809756200761,0.00174304423853755,0.023506915778853,0.0289698720443994,0.0330902374116704,92.6128013088222
Cell8,2200,671.161668953179,2200,0.0349537031725049,0.00174814357887954,0.0233564811060205,0.0288425921462476,0.0329513883916661,92.252355135435
Cell8,2300,669.738170421217,2300,0.0348263463238254,0.00174794462509453,0.0232638603774831,0.0287268167594448,0.0328356079990044,92.0566927515713
Cell8,2400,666.340025442003,2400,0.0346527773654088,0.00175382406450808,0.0230555552989244,0.0285763886058703,0.0326620367122814,91.5896117308195
Cell8,2500,664.418809763896,2500,0.0345022726105526,0.00174640759360045,0.0229282126529142,0.0284258911851794,0.032523108413443,91.3255372473869
Cell8,2600,660.65981312422,2600,0.0343171291751787,0.00175447226502001,0.0226851848419756,0.0282638885546476,0.0323148143943399,90.8088565294652
Cell8,2700,659.290130679871,2700,0.0342013470362872,0.00174023862928152,0.0226041390560567,0.0281481137499213,0.0322106087114662,90.6205912617601
Cell8,2800,656.703267504659,2800,0.0340508773224428,0.00173396046739072,0.0224420975428075,0.0280092192115262,0.0320717134745792,90.2650223558382
Cell8,2900,652.604560364183,2900,0.0338310180231929,0.00176518294028938,0.0221874996786937,0.0278356478083879,0.0318634255090728,89.701647830429
Cell8,3000,651.521635535373,3000,0.0337383847218007,0.00174053723458201,0.0221296026138589,0.0277314475970343,0.0317592204082757,89.5527979027384
Cell8,3100,649.233310606008,3100,0.033587914891541,0.00174509710632265,0.021990709239617,0.0275925531750545,0.0316203251713887,89.2382636052445
Cell8,3200,645.703399437032,3200,0.0334259255323559,0.00173999066464603,0.0217245367821306,0.0274305552011356,0.0314467588905245,88.7530710893119
Cell8,3300,644.669735040734,3300,0.0333101444412023,0.00174736359622329,0.0217013623332605,0.0273263554554433,0.0313541283831,88.6109920949515
Cell8,3500,639.133189789591,3500,0.0330902773421258,0.00173780554905534,0.0214236108586192,0.0271296292776242,0.0311458329670131,87.8499841852947
Cell8,3600,638.418052723955,3600,0.0329860708443448,0.0017387269763276,0.0213657146086916,0.0270370040088892,0.0310416287975386,87.751687334325
Cell8,3700,636.113034914232,3700,0.0326619903789833,0.00174118962604553,0.0209258960094303,0.0266782025573775,0.0307175486814231,87.4348585709844
Cell8,3800,632.034306934133,3800,0.0326736107235774,0.00172847672365606,0.0209490738343447,0.0267361107980832,0.0307291662320495,86.8742302164066
Cell8,3900,631.315680975511,3900,0.0325694046914577,0.00173070153687149,0.0209259003167972,0.0266319118672982,0.0306365366559476,86.7754538109428
Cell8,4000,629.140495621029,4000,0.0324189350940287,0.00173705536872149,0.0207870072918013,0.026493017678149,0.0305092156631872,86.4764707475624
Cell8,4100,625.467404333194,4100,0.0322453699773178,0.00173500005621463,0.0204976849490777,0.0263078700518236,0.0303356478689238,85.9715978717637
Cell8,4200,624.585982483317,4200,0.0321527774212882,0.00173607864417136,0.0204976849490777,0.0262384256348014,0.030243055196479,85.8504448839213
Cell8,4300,622.633755419261,4300,0.0320138497045264,0.00172398868016899,0.0203819195739925,0.0260763569967821,0.0301041298080236,85.5821078307949
Cell8,4400,620.476086449575,4400,0.031874954351224,0.00172742584254593,0.0202314525377005,0.0259490369353443,0.0299652349203825,85.2855324253987
Cell8,4500,616.998376820224,4500,0.0317245366750285,0.00171157636214048,0.0199768516467884,0.0257754627382383,0.0298263885779306,84.8075151031562
Cell8,4600,616.339297298849,4600,0.0316203316906467,0.00172691233456135,0.0199768274324015,0.0257175611332059,0.0297337599331513,84.7169234605148
Cell8,4800,612.273273805956,4800,0.0313772914232686,0.00171420478727669,0.019745355588384,0.0254513699328527,0.0294791447231546,84.1580413601105
Cell8,5000,607.326271880469,5000,0.0311111107002944,0.00171208335086703,0.0194097219500691,0.0251967590302229,0.0292361107422039,83.4780672203515
Cell8,5100,605.941725636468,5100,0.0309721843805164,0.00171450024936348,0.0193286801222712,0.0250694138230756,0.029085612623021,83.2877588971687
Cell8,5200,601.890382084123,5200,0.0307986106490716,0.0016988217830658,0.0189004626590759,0.0248379625845701,0.0289351848186925,82.7308945804841
Cell8,5300,601.934788576745,5300,0.0307407032232732,0.00171282654628158,0.0190509026870131,0.024826358538121,0.0288772794883698,82.7369983312153
Cell8,5400,600.007775381873,5400,0.0306249562418088,0.00170508550945669,0.0189351581502706,0.0246990387095138,0.0287499588448554,82.4721269688783
Cell8,5500,596.349033513848,5500,0.0304398144362494,0.00168583332560956,0.0184953700518236,0.0244560181163251,0.0285995366284624,81.9692264461408
Cell8,5600,596.226606078929,5600,0.030393481370993,0.00170585897285491,0.018715254846029,0.0244791366858408,0.028553205775097,81.9523985792841
Cell8,5700,594.340960205607,5700,0.0302661603782326,0.00170943501871079,0.0186110844369978,0.0243749651126564,0.0284258852479979,81.6932132282543
Cell8,5800,592.014600176171,5800,0.0301736107794568,0.00168902543373406,0.0184374997625127,0.0242476848652586,0.0283217589603737,81.3734509391726
Cell8,5900,590.48430315134,5900,0.0300346855074167,0.00169647950679064,0.0183796072378755,0.0241319149499759,0.0281828360166401,81.1631089141019
Cell8,6000,588.582376439243,6000,0.0299189386423677,0.00169252068735659,0.0182638627011329,0.0240161693654954,0.028067089500837,80.9016857330677
Cell8,6100,585.288237246406,6100,0.0297337959054857,0.00168099068105221,0.0178935183212161,0.0237847218522802,0.0278935180976987,80.4489004910899
Cell8,6200,585.132038730923,6200,0.0297106117941439,0.00168844242580235,0.0180555335246027,0.0238194153644145,0.0278587621869519,80.4274307296472
Cell8,6300,583.224110685459,6300,0.0295832910342142,0.00169962947256863,0.0179513632319868,0.023692095768638,0.0277545899152756,80.165182654757
Cell8,6400,579.870986330275,6400,0.0293981478316709,0.00166455784346908,0.0174884257139638,0.023414351628162,0.0275694441515952,79.7042897981817
Cell8,6500,580.340868554203,6500,0.0294328343588859,0.00168121559545398,0.0178009041119367,0.0235416378127411,0.0275925588794053,79.7688759385989
Cell8,6600,578.553354248678,6600,0.0293170876102522,0.00168746523559093,0.0176967339357361,0.023425892344676,0.0274883866077289,79.5231789446389
Cell8,6700,578.034520639692,6700,0.0293749995762482,0.00163930095732212,0.0173726849025115,0.0233564811060205,0.0275347218848765,79.4518643500093
Cell8,6800,577.71429328656,6800,0.0293055197689682,0.00166744238231331,0.0175925710937008,0.0234027492115274,0.0274768183007836,79.4078485355315
Cell8,6900,576.420129240875,6900,0.0292013471480459,0.00168200454209,0.017534697195515,0.0233101518824697,0.0273842200404033,79.2299634049157
Cell8,7000,573.021085618917,7000,0.0289930551080033,0.00165238662157208,0.017013888573274,0.022986110765487,0.0271643514279276,78.7627588641338
Cell8,7100,574.634647794678,7100,0.0289814812131226,0.00167258793953806,0.0173379627522081,0.0231018515769392,0.0271643515443429,78.9845458310557
Cell8,7200,571.452363133386,7200,0.0288772794883698,0.00167838227935135,0.0172453492414206,0.0229976570699364,0.0270485780201852,78.5471351917183
Cell8,7300,569.808202991011,7300,0.0287615328561515,0.00168276147451252,0.0171527531929314,0.0228819117182866,0.0269328318536282,78.3211424803192
Cell8,7400,567.566262275391,7400,0.0286458330228925,0.00166380777955055,0.0168749997392297,0.0227199071086943,0.0268287033541128,78.012983774813
Cell8,7500,566.657307630317,7500,0.0285763539141044,0.00166845868807286,0.0169559977948666,0.0227083056233823,0.0267592265736312,77.8880463557108
Cell8,7600,565.363746786275,7600,0.0284953295486048,0.00165982404723763,0.0168865498853847,0.0226157082943246,0.0266666284296662,77.7102441362247
Cell8,7700,562.967109329315,7700,0.0283333329716697,0.00165337033104151,0.0165162035264075,0.0223842590348795,0.026504629291594,77.3808220907805
Cell8,7800,562.60049743728,7800,0.0282985764788464,0.00167661136947572,0.0167013684986159,0.0224421021994203,0.0264814491383731,77.3304306396213
Cell8,7900,561.111147891184,7900,0.0282291262410581,0.00165479397401214,0.0165971984388307,0.0223495049867779,0.0264004251221195,77.1257169177226
Cell8,8000,558.161083570719,8000,0.028009258909151,0.00163597683422267,0.0161458330694586,0.022037036716938,0.0261689811013639,76.7202253738023
Cell8,8100,558.958140418054,8100,0.0280786694493145,0.00166298868134618,0.0164583133300766,0.0222106210421771,0.0262731161201373,76.8297822432494
